,URL_ID,URL
0,bctech2011,https://insights.blackcoffer.com/ml-and-ai-based-insurance-premium-model-to-predict-premium-to-be-charged-by-the-insurance-company/
1,bctech2012,https://insights.blackcoffer.com/streamlined-integration-interactive-brokers-api-with-python-for-desktop-trading-application/
2,bctech2013,https://insights.blackcoffer.com/efficient-data-integration-and-user-friendly-interface-development-navigating-challenges-in-web-application-deployment/
3,bctech2014,https://insights.blackcoffer.com/effective-management-of-social-media-data-extraction-strategies-for-authentication-security-and-reliability/
4,bctech2015,https://insights.blackcoffer.com/streamlined-trading-operations-interface-for-metatrader-4-empowering-efficient-management-and-monitoring/
5,bctech2016,https://insights.blackcoffer.com/efficient-aws-infrastructure-setup-and-management-addressing-security-scalability-and-compliance/
6,bctech2017,https://insights.blackcoffer.com/streamlined-equity-waterfall-calculation-and-deal-management-system/
7,bctech2018,https://insights.blackcoffer.com/automated-orthopedic-case-report-generation-harnessing-web-scraping-and-ai-integration/
8,bctech2019,https://insights.blackcoffer.com/streamlining-time-calculation-in-warehouse-management-leveraging-shiphero-api-and-google-bigquery-integration/
9,bctech2020,https://insights.blackcoffer.com/efficient-database-design-and-management-streamlining-access-and-integration-for-partner-entity-management/
10,bctech2021,https://insights.blackcoffer.com/automated-campaign-management-system-a-comprehensive-solution-with-linkedin-and-email-integration/
11,bctech2022,https://insights.blackcoffer.com/ai-driven-data-analysis-ai-tool-using-langchain-for-a-leading-real-estate-and-financing-firm-worldwide/
12,bctech2023,https://insights.blackcoffer.com/grafana-dashboard-to-visualize-and-analyze-sensors-data/
13,bctech2024,https://insights.blackcoffer.com/mvp-for-a-software-that-analyses-content-from-audio-pharma-based/
14,bctech2025,https://insights.blackcoffer.com/data-engineering-and-management-tool-airbyte-with-custom-data-connectors-to-manage-crm-database/
15,bctech2026,https://insights.blackcoffer.com/text-summarizing-tool-to-scrape-and-summarize-pubmed-medical-papers/
16,bctech2027,https://insights.blackcoffer.com/7up7down-10updown-snakes-and-ladder-games-built-using-oops/
17,bctech2028,https://insights.blackcoffer.com/data-studio-dashboard-with-a-data-pipeline-tool-synced-with-podio-using-custom-webhooks-and-google-cloud-function/
18,bctech2029,https://insights.blackcoffer.com/end-to-end-tool-to-optimize-routing-and-planning-of-field-engineers-using-googles-cvrp-tw-algorithm/
19,bctech2030,https://insights.blackcoffer.com/end-to-end-tool-to-predict-biofuel-prices-using-ieso-data/
20,bctech2031,https://insights.blackcoffer.com/etl-discovery-tool-using-llma-langchain-openai/
21,bctech2032,https://insights.blackcoffer.com/gpt-ocr-api/
22,bctech2033,https://insights.blackcoffer.com/dockerize-the-aws-lambda-for-serverless-architecture/
23,bctech2034,https://insights.blackcoffer.com/design-and-develop-a-product-recommendation-engine-based-on-the-features-of-products/
24,bctech2035,https://insights.blackcoffer.com/database-discovery-tool-using-openai/
25,bctech2036,https://insights.blackcoffer.com/automate-the-data-management-process/
26,bctech2037,https://insights.blackcoffer.com/realtime-kibana-dashboard-for-a-financial-tech-firm/
27,bctech2038,https://insights.blackcoffer.com/data-management-etl-and-data-automation/
28,bctech2039,https://insights.blackcoffer.com/data-management-egeas/
29,bctech2040,https://insights.blackcoffer.com/design-and-develop-powershell-script/
30,bctech2041,https://insights.blackcoffer.com/design-and-develop-jenkins-shared-library/
31,bctech2042,https://insights.blackcoffer.com/design-and-develop-retool-app-for-wholecell-io-and-asana-data-using-their-apis/
32,bctech2043,https://insights.blackcoffer.com/design-and-develop-a-retool-app-that-will-show-stock-and-crypto-related-information-using-iex-api/
33,bctech2044,https://insights.blackcoffer.com/crm-monday-com-make-com-to-data-warehouse-to-klipfolio-dashboard/
34,bctech2045,https://insights.blackcoffer.com/ner-task-using-bert-with-data-in-xml-format/
35,bctech2046,https://insights.blackcoffer.com/qualtrics-api-integration-using-python/
36,bctech2047,https://insights.blackcoffer.com/design-and-develop-mlops-framework-for-data-centric-ai/
37,bctech2048,https://insights.blackcoffer.com/nlp-based-approach-for-data-transformation/
38,bctech2049,https://insights.blackcoffer.com/an-etl-tool-to-pull-data-from-shiphero-to-google-bigquery-data-warehouse/
39,bctech2050,https://insights.blackcoffer.com/plaid-financial-analytics-a-data-driven-dashboard-to-generate-insights/
40,bctech2051,https://insights.blackcoffer.com/recommendation-engine-for-insurance-sector-to-expand-business-in-the-rural-area/
41,bctech2052,https://insights.blackcoffer.com/data-from-crm-via-zapier-to-google-sheets-dynamic-to-powerbi/
42,bctech2053,https://insights.blackcoffer.com/data-warehouse-to-google-data-studio-looker-dashboard/
43,bctech2054,https://insights.blackcoffer.com/crm-monday-com-via-zapier-to-power-bi-dashboard/
44,bctech2055,https://insights.blackcoffer.com/monday-com-to-kpi-dashboard-to-manage-view-and-generate-insights-from-the-crm-data/
45,bctech2056,https://insights.blackcoffer.com/data-management-for-a-political-saas-application/
46,bctech2057,https://insights.blackcoffer.com/google-lsa-ads-google-local-service-ads-etl-tools-and-dashboards/
47,bctech2058,https://insights.blackcoffer.com/ad-networks-marketing-campaign-data-dashboard-in-looker-google-data-studio/
48,bctech2059,https://insights.blackcoffer.com/analytical-solution-for-a-tech-firm/
49,bctech2060,https://insights.blackcoffer.com/ai-solution-for-a-technology-information-and-internet-firm/
50,bctech2061,https://insights.blackcoffer.com/ai-and-nlp-based-solutions-to-automate-data-discovery-for-venture-capital-and-private-equity-principals/
51,bctech2062,https://insights.blackcoffer.com/an-etl-solution-for-an-internet-publishing-firm/
52,bctech2063,https://insights.blackcoffer.com/ai-based-algorithmic-trading-bot-for-forex/
53,bctech2064,https://insights.blackcoffer.com/equity-waterfalls-model-based-saas-application-for-real-estate-sector/
54,bctech2065,https://insights.blackcoffer.com/ai-solutions-for-foreign-exchange-an-automated-algo-trading-tool/
55,bctech2066,https://insights.blackcoffer.com/ai-agent-development-and-deployment-in-jina-ai/
56,bctech2067,https://insights.blackcoffer.com/golden-record-a-knowledge-graph-database-approach-to-unfold-discovery-using-neo4j/
57,bctech2068,https://insights.blackcoffer.com/advanced-ai-for-trading-automation/
58,bctech2069,https://insights.blackcoffer.com/create-a-knowledge-graph-to-provide-real-time-analytics-recommendations-and-a-single-source-of-truth/
59,bctech2070,https://insights.blackcoffer.com/advanced-ai-for-thermal-person-detection/
60,bctech2071,https://insights.blackcoffer.com/advanced-ai-for-road-cam-threat-detection/
61,bctech2072,https://insights.blackcoffer.com/advanced-ai-for-pedestrian-crossing-safety/
62,bctech2073,https://insights.blackcoffer.com/handgun-detection-using-yolo/
63,bctech2074,https://insights.blackcoffer.com/using-graph-technology-to-create-single-customer-view/
64,bctech2075,https://insights.blackcoffer.com/car-detection-in-satellite-images/
65,bctech2076,https://insights.blackcoffer.com/building-a-physics-informed-neural-network-for-circuit-evaluation/
66,bctech2077,https://insights.blackcoffer.com/connecting-mongodb-database-to-power-bi-dashboard-dashboard-automation/
67,bctech2078,https://insights.blackcoffer.com/data-transformation/
68,bctech2079,https://insights.blackcoffer.com/e-commerce-store-analysis-purchase-behavior-ad-spend-conversion-traffic-etc/
69,bctech2080,https://insights.blackcoffer.com/kpi-dashboard-for-accountants/
70,bctech2081,https://insights.blackcoffer.com/return-on-advertising-spend-dashboard-marketing-automation-and-analytics-using-etl-and-dashboard/
71,bctech2082,https://insights.blackcoffer.com/ranking-customer-behaviours-for-business-strategy/
72,bctech2083,https://insights.blackcoffer.com/algorithmic-trading-for-multiple-commodities-markets-like-forex-metals-energy-etc/
73,bctech2084,https://insights.blackcoffer.com/trading-bot-for-forex/
74,bctech2085,https://insights.blackcoffer.com/python-model-for-the-analysis-of-sector-specific-stock-etfs-for-investment-purposes%ef%bf%bc/
75,bctech2086,https://insights.blackcoffer.com/medical-classification/
76,bctech2087,https://insights.blackcoffer.com/design-develop-bert-question-answering-model-explanations-with-visualization/
77,bctech2088,https://insights.blackcoffer.com/design-and-develop-solution-to-anomaly-detection-classification-problems/
78,bctech2089,https://insights.blackcoffer.com/an-etl-solution-for-currency-data-to-google-big-query/
79,bctech2090,https://insights.blackcoffer.com/etl-and-mlops-infrastructure-for-blockchain-analytics/
80,bctech2091,https://insights.blackcoffer.com/an-agent-based-model-of-a-virtual-power-plant-vpp/
81,bctech2092,https://insights.blackcoffer.com/transform-api-into-sdk-library-and-widget/
82,bctech2093,https://insights.blackcoffer.com/integration-of-a-product-to-a-cloud-based-crm-platform/
83,bctech2094,https://insights.blackcoffer.com/a-web-based-dashboard-for-the-filtered-data-retrieval-of-land-records/
84,bctech2095,https://insights.blackcoffer.com/integration-of-video-conferencing-data-to-the-existing-web-app/
85,bctech2096,https://insights.blackcoffer.com/design-develop-an-app-in-retool-which-shows-the-progress-of-the-added-video/
86,bctech2097,https://insights.blackcoffer.com/auvik-connectwise-integration-in-grafana/
87,bctech2098,https://insights.blackcoffer.com/data-integration-and-big-data-performance-using-elk-stack/
88,bctech2099,https://insights.blackcoffer.com/web-data-connector/
89,bctech2100,https://insights.blackcoffer.com/an-app-for-updating-the-email-id-of-the-user-and-stripe-refund-tool-using-retool/
90,bctech2101,https://insights.blackcoffer.com/an-ai-ml-based-web-application-that-detects-the-correctness-of-text-in-a-given-video/
91,bctech2102,https://insights.blackcoffer.com/website-tracking-and-insights-using-google-analytics-google-tag-manager/
92,bctech2103,https://insights.blackcoffer.com/dashboard-to-track-the-analytics-of-the-website-using-google-analytics-and-google-tag-manager/
93,bctech2104,https://insights.blackcoffer.com/power-bi-dashboard-on-operations-transactions-and-marketing-embedding-the-dashboard-to-web-app/
94,bctech2105,https://insights.blackcoffer.com/nft-data-automation-looksrare-and-etl-tool/
95,bctech2106,https://insights.blackcoffer.com/optimize-the-data-scraper-program-to-easily-accommodate-large-files-and-solve-oom-errors/
96,bctech2107,https://insights.blackcoffer.com/making-a-robust-way-to-sync-data-from-airtables-to-mongodb-using-python-etl-solution/
97,bctech2108,https://insights.blackcoffer.com/incident-duration-prediction-infrastructure-and-real-estate/
98,bctech2109,https://insights.blackcoffer.com/statistical-data-analysis-of-reinforced-concrete/
99,bctech2110,https://insights.blackcoffer.com/database-normalization-segmentation-with-google-data-studio-dashboard-insights/
100,bctech2111,https://insights.blackcoffer.com/power-bi-dashboard-to-drive-insights-from-complex-data-to-generate-business-insights/
101,bctech2112,https://insights.blackcoffer.com/real-time-dashboard-to-monitor-infrastructure-activity-and-machines/
102,bctech2113,https://insights.blackcoffer.com/electric-vehicles-ev-load-management-system-to-forecast-energy-demand/
103,bctech2114,https://insights.blackcoffer.com/power-bi-data-driven-map-dashboard/
104,bctech2115,https://insights.blackcoffer.com/google-local-service-ads-lsa-leads-dashboard/
105,bctech2116,https://insights.blackcoffer.com/aws-lex-voice-and-chatbot/
106,bctech2117,https://insights.blackcoffer.com/metabridges-api-decentraland-integration/
107,bctech2118,https://insights.blackcoffer.com/microsoft-azure-chatbot-with-luis-language-understanding/
108,bctech2119,https://insights.blackcoffer.com/impact-of-news-media-and-press-on-innovation-startups-and-investments/
109,bctech2120,https://insights.blackcoffer.com/aws-quicksight-reporting-dashboard/
110,bctech2121,https://insights.blackcoffer.com/google-data-studio-dashboard-for-marketing-ads-and-traction-data/
111,bctech2122,https://insights.blackcoffer.com/gangala-in-e-commerce-big-data-etl-elt-solution-and-data-warehouse/
112,bctech2123,https://insights.blackcoffer.com/big-data-solution-to-an-online-multivendor-marketplace-ecommerce-business/
113,bctech2124,https://insights.blackcoffer.com/creating-a-custom-report-and-dashboard-using-the-data-got-from-atera-api/
114,bctech2125,https://insights.blackcoffer.com/azure-data-lake-and-power-bi-dashboard/
115,bctech2126,https://insights.blackcoffer.com/google-data-studio-pipeline-with-gcp-mysql/
116,bctech2127,https://insights.blackcoffer.com/quickbooks-dashboard-to-find-patterns-in-finance-sales-and-forecasts/
117,bctech2128,https://insights.blackcoffer.com/marketing-sales-and-financial-data-business-dashboard-wink-report/
118,bctech2129,https://insights.blackcoffer.com/react-native-apps-in-the-development-portfolio/
119,bctech2130,https://insights.blackcoffer.com/a-leading-firm-website-seo-optimization/
120,bctech2131,https://insights.blackcoffer.com/a-leading-hospitality-firm-in-the-usa-website-seo-optimization/
121,bctech2132,https://insights.blackcoffer.com/a-leading-firm-in-the-usa-website-seo-optimization/
122,bctech2133,https://insights.blackcoffer.com/a-leading-musical-instrumental-website-seo-optimization/
123,bctech2134,https://insights.blackcoffer.com/a-leading-firm-in-the-usa-seo-and-website-optimization/
124,bctech2135,https://insights.blackcoffer.com/immigration-datawarehouse-ai-based-recommendations/
125,bctech2136,https://insights.blackcoffer.com/lipsync-automation-for-celebrities-and-influencers/
126,bctech2137,https://insights.blackcoffer.com/key-audit-matters-predictive-modeling/
127,bctech2138,https://insights.blackcoffer.com/splitting-of-songs-into-its-vocals-and-instrumental/
128,bctech2139,https://insights.blackcoffer.com/ai-and-ml-technologies-to-evaluate-learning-assessments/
129,bctech2140,https://insights.blackcoffer.com/datawarehouse-and-recommendations-engine-for-airbnb/
130,bctech2141,https://insights.blackcoffer.com/real-estate-data-warehouse/
131,bctech2142,https://insights.blackcoffer.com/traction-dashboards-of-marketing-campaigns-and-posts/
132,bctech2143,https://insights.blackcoffer.com/google-local-service-ads-lsa-data-warehouse/
133,bctech2144,https://insights.blackcoffer.com/google-local-service-ads-missed-calls-and-messages-automation-tool/
134,bctech2145,https://insights.blackcoffer.com/marketing-ads-leads-call-status-data-tool-to-bigquery/
135,bctech2146,https://insights.blackcoffer.com/marketing-analytics-to-automate-leads-call-status-and-reporting/
136,bctech2147,https://insights.blackcoffer.com/callrail-analytics-leads-report-alert/
137,bctech2148,https://insights.blackcoffer.com/marketing-automation-tool-to-notify-lead-details-to-clients-over-email-and-phone/
138,bctech2149,https://insights.blackcoffer.com/data-etl-local-service-ads-leads-to-bigquery/
139,bctech2150,https://insights.blackcoffer.com/marbles-stimulation-using-python/
140,bctech2151,https://insights.blackcoffer.com/stocktwits-data-structurization/
141,bctech2152,https://insights.blackcoffer.com/sentimental-analysis-on-shareholder-letter-of-companies/
142,bctech2153,https://insights.blackcoffer.com/population-and-community-survey-of-america/
143,bctech2154,https://insights.blackcoffer.com/google-lsa-api-data-automation-and-dashboarding/
144,bctech2155,https://insights.blackcoffer.com/healthcare-data-analysis/
145,bctech2156,https://insights.blackcoffer.com/budget-sales-kpi-dashboard-using-power-bi/
146,bctech2157,https://insights.blackcoffer.com/amazon-buy-bot-an-automation-ai-tool-to-auto-checkouts/
